ADDRESSLINE,ADDRESS_ID
897 Long Airport Avenue ,1
59 rue de l'Abbaye ,2
27 rue du Colonel Pierre Avia ,3
78934 Hillside Dr. ,4
7734 Strong St. ,5
9408 Furth Circle ,6
"184, chausse de Tournai ",7
"Drammen 121, PR 744 Sentrum ",8
5557 North Pendale Street ,9
"25, rue Lauriston ",10
636 St Kilda Road Level 3,11
2678 Kingston Rd. Suite 101,12
7476 Moss Rd. ,13
25593 South Bay Ln. ,14
"67, rue des Cinquante Otages ",15
39323 Spinnaker Dr. ,16
Keskuskatu 45 ,17
Erling Skakkes gate 78 ,18
7586 Pompton St. ,19
Geislweg 14 ,20
"Monitor Money Building, 815 Pacific Hwy Level 6",21
1785 First Street ,22
Berkeley Gardens 12  Brewery ,23
"C/ Moralzarzal, 86 ",24
Berguvsv�gen  8 ,25
"C/ Araquil, 67 ",26
"Bronz Sok., Bronz Apt. 3/6 Tesvikiye ",27
5905 Pompton St. Suite 750,28
31 Duncan St. West End ,29
782 First Street ,30
"2, rue du Commerce ",31
1900 Oak St. ,32
3675 Furth Circle ,33
4658 Baden Av. ,34
567 North Pendale Street ,35
2-2-8 Roppongi ,36
Via Monte Bianco 34 ,37
?kergatan 24 ,38
"67, avenue de l'Europe ",39
5677 Strong St. ,40
2304 Long Airport Avenue ,41
7825 Douglas Av. ,42
201 Miller Street Level 15,43
43 rue St. Laurent ,44
"Dojima Avanza 4F, 1-6-20 Dojima, Kita-ku ",45
11328 Douglas Av. ,46
"54, rue Royale ",47
3758 North Pendale Street ,48
Vinb'ltet 34 ,49
35 King George ,50
4575 Hillside Dr. ,51
1 rue Alsace-Lorraine ,52
120 Hanover Sq. ,53
"Rambla de Catalu�a, 23 ",54
6047 Douglas Av. ,55
361 Furth Circle ,56
Rue Joseph-Bens 532 ,57
23 Tsawassen Blvd. ,58
8616 Spinnaker Dr. ,59
Garden House Crowther Way ,60
Torikatu 38 ,61
3086 Ingle Ln. ,62
"265, boulevard Charonne ",63
Kirchgasse 6 ,64
6251 Ingle Ln. ,65
Village Close - 106 Linden Road Sandown 2nd Floor,66
15 McCallum Street - NatWest Center #13-03 ,67
"12, rue des Bouchers ",68
Mehrheimerstr. 369 ,69
Grenzacherweg 237 ,70
Strada Provinciale 124 ,71
7635 Spinnaker Dr. ,72
Lyonerstr. 34 ,73
"Software Engineering Center, SEC Oy ",74
4092 Furth Circle Suite 400,75
25 Maiden Lane Floor No. 4,76
"Merchants House, 27-30 Merchant's Quay ",77
Fauntleroy Circus ,78
Smagsloget 45 ,79
5290 North Pendale Street Suite 200,80
4097 Douglas Av. ,81
"C/ Romero, 33 ",82
2793 Furth Circle ,83
"24, place Kluber ",84
8489 Strong St. ,85
"Drammensveien 126 A, PB 744 Sentrum ",86
Via Ludovico il Moro 22 ,87
7 Allen Street ,88
2440 Pompton St. ,89
Hansastr. 15 ,90
"Boulevard Tirou, 255 ",91
16780 Pompton St. ,92
