CITYid,CITY
1,NYC
2,Reims
3,Paris
4,Pasadena
5,San Francisco
6,Burlingame
7,Lille
8,Bergen
9,Melbourne
10,Newark
11,Bridgewater
12,Nantes
13,Cambridge
14,Helsinki
15,Stavern
16,Allentown
17,Salzburg
18,Chatswood
19,New Bedford
20,Liverpool
21,Madrid
22,Lule
23,Singapore
24,South Brisbane
25,Philadelphia
26,Lyon
27,Vancouver
28,Burbank
29,New Haven
30,Minato-ku
31,Torino
32,Boras
33,Versailles
34,San Rafael
35,Nashua
36,Brickhaven
37,North Sydney
38,Montreal
39,Osaka
40,White Plains
41,Kobenhavn
42,London
43,Toulouse
44,Barcelona
45,Los Angeles
46,San Diego
47,Bruxelles
48,Tsawassen
49,Boston
50,Cowes
51,Oulu
52,San Jose
53,Graz
54,Makati City
55,Marseille
56,Koln
57,Gensve
58,Reggio Emilia
59,Frankfurt
60,Espoo
61,Dublin
62,Manchester
63,Aaarhus
64,Glendale
65,Sevilla
66,Brisbane
67,Strasbourg
68,Las Vegas
69,Oslo
70,Bergamo
71,Glen Waverly
72,Munich
73,Charleroi
