CONTACT_ID,CONTACTFIRSTNAME,CONTACTLASTNAME
1,Kwai,Yu
2,Paul,Henriot
3,Daniel,Da Cunha
4,Julie,Young
5,Julie,Brown
6,Juri,Hirano
7,Martine,Rance
8,Veysel,Oeztan
9,Julie,Murphy
10,Dominique,Perrier
11,Peter,Ferguson
12,Michael,Frick
13,William,Brown
14,Julie,King
15,Janine,Labrune
16,Marta,Hernandez
17,Matti,Karttunen
18,Jonas,Bergulfsen
19,Kyung,Yu
20,Georg,Pipps
21,Adrian,Huxley
22,Violeta,Benitez
23,Elizabeth,Devon
24,Diego,Freyre
25,Christina,Berglund
26,Mart�n,Sommer
27,Eric,Natividad
28,Maria,Hernandez
29,Tony,Calaghan
30,Francisca,Cervantes
31,Mary,Saveley
32,Yoshi,Tannamuri
33,Steve,Thompson
34,Kyung,Tseng
35,Leslie,Murphy
36,Akiko,Shimamura
37,Paolo,Accorti
38,Maria,Larsson
39,Daniel,Tonini
40,Valarie,Nelson
41,Valarie,Young
42,Allen,Nelson
43,Anna,OHara
44,Jean,Fresnisre
45,Mory,Kentary
46,Rosa,Hernandez
47,Carine,Schmitt
48,Steve,Frick
49,Jytte,Petersen
50,Ann,Brown
51,Wing C,Tam
52,Annette,Roulet
53,Thomas,Hardy
54,Eduardo,Saavedra
55,Michael,Chandler
56,Valarie,Thompson
57,Catherine,Dewey
58,Elizabeth,Lincoln
59,Juri,Yoshido
60,Helen,Bennett
61,Pirkko,Koskitalo
62,Sue,Frick
63,Marie,Bertrand
64,Roland,Mendel
65,Valarie,Franco
66,Wendy,Victorino
67,Arnold,Cruz
68,Laurence,Lebihan
69,Henriette,Pfalzheim
70,Michael,Holz
71,Maurizio,Moroni
72,Miguel,Barajas
73,Roland,Keitel
74,Kalle,Suominen
75,Jeff,Young
76,Dean,Cassidy
77,Jesus,Fernandez
78,Victoria,Ashworth
79,Palle,Ibsen
80,Kee,Kuo
81,Leslie,Young
82,Jose Pedro,Roel
83,Sue,Taylor
84,Frederique,Citeaux
85,Sue,King
86,Jan,Klaeboe
87,Giovanni,Rovelli
88,Sean,Connery
89,Dan,Lewis
90,Michael,Donnermeyer
91,Pascale,Cartrain
92,Leslie,Taylor
